problem,effort,i,rc,correct,completion_tokens,total_tokens,orchestration_in,orchestration_out,reasoning_tokens,finish,sec,answer_tail
P1,default,1,0,True,1019,12340,7776,3321,0,stop,68.7,", \]  which ends in \(625\).  Therefore, the positive integers \(n<1000\) are  \[ \boxed{1,\ 376,\ 625}. \]  So the number of such integers is  \[ \boxed{3}. \]"
P1,default,2,0,True,897,12804,8529,3154,0,stop,55.9,"6, \]  \[ 625^2=390625 \quad\Rightarrow\quad 625. \]  So the number of such positive integers is  \[ \boxed{3} \]  and the list is  \[ \boxed{1,\ 376,\ 625}. \]"
P1,default,3,0,True,1232,13863,8809,3598,0,stop,64.3,"ends in \(625\).  Therefore, the number of positive integers \(n<1000\) satisfying the condition is  \[ \boxed{3}. \]  The list is  \[ \boxed{1,\ 376,\ 625}. \]"
P1,default,4,0,True,1264,14250,8485,4277,0,stop,70.3,"nds in }376, \] \[ 625^2=390625 \quad\text{ends in }625. \]  Therefore, there are  \[ \boxed{3} \]  such positive integers, namely  \[ \boxed{1,\ 376,\ 625}. \]"
P1,default,5,0,True,1087,14294,8923,4060,0,stop,70.6," \(376\);  \[ 625^2=390625, \]  which ends in \(625\).  Therefore, the number of such positive integers is  \[ \boxed{3}. \]  List:  \[ \boxed{1,\ 376,\ 625} \]"
P1,default,6,0,True,1147,13997,8875,3751,0,stop,64.5,"\quad \text{ends in }625. \]  Therefore, the positive integers \(n<1000\) are  \[ \boxed{1,\ 376,\ 625}. \]  So the number of such integers is  \[ \boxed{3}. \]"
P1,default,7,0,True,1296,13741,8409,3812,0,stop,62.7,"nds in } 625. \]  Therefore, the number of positive integers \(n<1000\) satisfying the condition is  \[ \boxed{3}. \]  The list is  \[ \boxed{1,\ 376,\ 625}. \]"
P1,default,8,0,True,1288,13988,9082,3394,0,stop,59.2,"5 \quad \text{ends in } 625. \]  Therefore, the positive integers \(n<1000\) are  \[ \boxed{1,\ 376,\ 625}. \]  The number of such integers is  \[ \boxed{3}. \]"
P1,high,1,0,True,1063,14124,9203,3634,0,stop,64.0,"quad \text{ends in } 625. \]  Therefore, the positive integers \(n<1000\) are  \[ \boxed{1,\ 376,\ 625}. \]  So the number of such integers is  \[ \boxed{3}. \]"
P1,high,2,0,True,834,12760,7904,3798,0,stop,56.3,"uad \text{ends in } 625. \]  Therefore, the positive integers \(n<1000\) are:  \[ \boxed{1,\ 376,\ 625} \]  So the number of such integers is:  \[ \boxed{3}. \]"
P1,high,3,0,True,936,12717,8375,3182,0,stop,56.7,"\[ 625^2=390625 \quad \text{ends in }625. \]  Therefore, the number of such positive integers is  \[ \boxed{3} \]  and the list is  \[ \boxed{1,\ 376,\ 625}. \]"
P1,high,4,0,True,806,12532,8277,3225,0,stop,55.2,"quad \text{ends in } 625. \]  Therefore, the positive integers \(n<1000\) are  \[ \boxed{1,\ 376,\ 625}. \]  So the number of such integers is  \[ \boxed{3}. \]"
P1,high,5,0,True,975,14293,8487,4607,0,stop,68.7,"6, \]  \[ 625^2=390625 \quad \text{ends in } 625. \]  Therefore, there are  \[ \boxed{3} \]  such positive integers.  The list is:  \[ \boxed{1,\ 376,\ 625}. \]"
P1,high,6,0,True,1078,16135,10104,4729,0,stop,72.4," \[ 625^2=390625 \quad\text{ends in }625. \]  Therefore, the number of such positive integers is  \[ \boxed{3} \]  and the list is  \[ \boxed{1,\ 376,\ 625}. \]"
P1,high,7,0,True,883,12631,8420,3104,0,stop,55.6,", \]  which ends in \(625\).  Therefore, the positive integers \(n<1000\) are  \[ \boxed{1,\ 376,\ 625}. \]  So the number of such integers is  \[ \boxed{3}. \]"
P1,high,8,0,True,908,12196,8336,2728,0,stop,52.9,", \]  which ends in \(625\).  Therefore, the positive integers \(n<1000\) are  \[ \boxed{1,\ 376,\ 625}. \]  So the number of such integers is  \[ \boxed{3}. \]"
P1,xhigh,1,0,True,1297,13782,8263,3998,0,stop,64.5,"376, \]  \[ 625^2=390625. \]  So the positive integers \(n<1000\) are:  \[ \boxed{1,\ 376,\ 625} \]  Therefore, the number of such integers is  \[ \boxed{3}. \]"
P1,xhigh,2,0,True,1211,14039,8592,4012,0,stop,63.4,", \]  which ends in \(625\).  Therefore, the positive integers \(n<1000\) are  \[ \boxed{1,\ 376,\ 625}. \]  So the number of such integers is  \[ \boxed{3}. \]"
P1,xhigh,3,0,True,1180,14608,8945,4259,0,stop,71.1,"\).  \[ 625^2=390625, \]  which ends in \(625\).  Therefore, there are  \[ \boxed{3} \]  such positive integers \(n<1000\), namely  \[ \boxed{1,\ 376,\ 625}. \]"
P1,xhigh,4,0,True,1028,14758,9269,4237,0,stop,72.8,"376, \]  \[ 625^2=390625. \]  So the positive integers \(n<1000\) are  \[ \boxed{1,\ 376,\ 625}. \]  Therefore, the number of such integers is  \[ \boxed{3}. \]"
P1,xhigh,5,0,True,1267,12550,7325,3734,0,stop,58.3,"t{ends in } 376, \]  \[ 625^2=390625 \quad \text{ends in } 625. \]  Therefore, there are  \[ \boxed{3} \]  such positive integers:  \[ \boxed{1,\ 376,\ 625}. \]"
P1,xhigh,6,0,True,1267,13574,8640,3443,0,stop,59.7,"\quad \text{ends in } 625 \]  Therefore, the positive integers \(n<1000\) are:  \[ \boxed{1,\ 376,\ 625} \]  So the number of such integers is:  \[ \boxed{3} \]"
P1,xhigh,7,0,True,1603,12785,7989,2969,0,stop,65.8,"quad \text{ends in } 625. \]  Therefore, the positive integers \(n<1000\) are:  \[ \boxed{1,\ 376,\ 625} \]  So the number of such integers is  \[ \boxed{3}. \]"
P1,xhigh,8,0,True,1246,15109,8699,4879,0,stop,70.3,"76, \] \[ 625^2 = 390625. \]  So the positive integers \(n<1000\) are:  \[ \boxed{1,\ 376,\ 625} \]  Therefore, the number of such integers is:  \[ \boxed{3} \]"
P1,max,1,0,True,1097,13286,7869,4096,0,stop,61.5,"5, \]  which ends in \(625\).  Therefore the positive integers \(n<1000\) are  \[ \boxed{1,\ 376,\ 625}. \]  So the number of such integers is  \[ \boxed{3}. \]"
P1,max,2,0,True,1175,14261,8079,4783,0,stop,71.6,"376, \]  \[ 625^2=390625. \]  Therefore, the positive integers \(n<1000\) are  \[ \boxed{1,\ 376,\ 625}. \]  So the number of such integers is  \[ \boxed{3}. \]"
P1,max,3,0,True,1250,13293,8475,3344,0,stop,61.6,"\quad\Rightarrow\quad 625 \]  So the positive integers \(n<1000\) are:  \[ \boxed{1,\ 376,\ 625} \]  Therefore, the number of such integers is  \[ \boxed{3}. \]"
P1,max,4,0,True,1041,12439,8010,3164,0,stop,55.9,"quad \text{ends in } 625. \]  Therefore, the positive integers \(n<1000\) are:  \[ \boxed{1,\ 376,\ 625} \]  So the number of such integers is:  \[ \boxed{3} \]"
P1,max,5,0,True,1246,15620,9111,5010,0,stop,69.8,"[ 376^2=141376, \] \[ 625^2=390625. \]  Therefore, the positive integers \(n<1000\) are: \[ \boxed{1,\ 376,\ 625}. \]  Number of such integers: \[ \boxed{3}. \]"
P1,max,6,0,True,928,14771,9112,4507,0,stop,62.8," 1^2=1 \equiv 001 \pmod{1000}, \]  \[ 376^2=141376, \]  \[ 625^2=390625. \]  Therefore, there are  \[ \boxed{3} \]  such integers:  \[ \boxed{1,\ 376,\ 625}. \]"
P1,max,7,0,True,1192,14395,8170,4809,0,stop,70.0,"^2=141376, \]  \[ 625^2=390625. \]  Thus the positive integers \(n<1000\) are  \[ \boxed{1,\ 376,\ 625}. \]  So the number of such integers is  \[ \boxed{3}. \]"
P1,max,8,0,True,1266,12707,7982,3235,0,stop,58.2,"quad \text{ends in } 625. \]  Therefore, the positive integers \(n<1000\) are  \[ \boxed{1,\ 376,\ 625}. \]  So the number of such integers is  \[ \boxed{3}. \]"
P2,default,1,0,True,360,8211,6256,1409,0,stop,32.3," or \(7\) is  \[ 333 + 142 - 47 = 428 \]  Therefore, the number divisible by neither \(3\) nor \(7\) is  \[ 1000 - 428 = 572 \]  Final count:  \[ \boxed{572} \]"
P2,default,2,0,True,359,7873,6017,1311,0,stop,28.4," or \(7\) is  \[ 333 + 142 - 47 = 428 \]  Therefore, the number divisible by neither \(3\) nor \(7\) is  \[ 1000 - 428 = 572 \]  Final count:  \[ \boxed{572} \]"
P2,default,3,0,True,435,8339,6057,1661,0,stop,31.9, by \(3\) or \(7\) is  \[ 333 + 142 - 47 = 428. \]  So the number divisible by neither \(3\) nor \(7\) is  \[ 1000 - 428 = 572. \]  Final count: \(\boxed{572}\)
P2,default,4,0,True,411,7752,5873,1282,0,stop,28.9,"ible by \(3\) or \(7\) is: \[ 333+142-47=428 \]  Therefore, the number divisible by neither \(3\) nor \(7\) is: \[ 1000-428=572 \]  Final count: \(\boxed{572}\)"
P2,default,5,0,True,511,7924,5923,1304,0,stop,33.6,"ible by \(3\) or \(7\) is: \[ 333+142-47=428 \]  Therefore, the number divisible by neither \(3\) nor \(7\) is: \[ 1000-428=572 \]  Final count: \(\boxed{572}\)"
P2,default,6,0,True,425,7739,5727,1401,0,stop,29.3,"ible by \(3\) or \(7\) is: \[ 333+142-47=428 \]  Therefore, the number divisible by neither \(3\) nor \(7\) is: \[ 1000-428=572 \]  Final count: \(\boxed{572}\)"
P2,default,7,0,True,431,7892,5974,1301,0,stop,31.0,by \(3\) or \(7\) is  \[ 333 + 142 - 47 = 428 \]  So the number divisible by neither \(3\) nor \(7\) is  \[ 1000 - 428 = 572 \]  Final count:  \[ \boxed{572} \]
P2,default,8,0,True,776,8171,6065,1144,0,stop,35.4, by \(3\) or \(7\) is  \[ 333 + 142 - 47 = 428. \]  So the number divisible by neither \(3\) nor \(7\) is  \[ 1000 - 428 = 572. \]  Final count: \(\boxed{572}\)
P2,high,1,0,True,327,8721,6613,1595,0,stop,29.6," or \(7\) is  \[ 333 + 142 - 47 = 428 \]  Therefore, the number divisible by neither \(3\) nor \(7\) is  \[ 1000 - 428 = 572 \]  Final count:  \[ \boxed{572} \]"
P2,high,2,0,True,262,8017,6138,1431,0,stop,29.8,"ible by \(3\) or \(7\) is: \[ 333+142-47=428 \]  Therefore, the number divisible by neither \(3\) nor \(7\) is: \[ 1000-428=572 \]  Final count: \(\boxed{572}\)"
P2,high,3,0,True,302,8561,6294,1779,0,stop,31.3,"\) or \(7\) is: \[ 333 + 142 - 47 = 428 \]  Therefore, the count divisible by neither \(3\) nor \(7\) is: \[ 1000 - 428 = 572 \]  Final count: \[ \boxed{572} \]"
P2,high,4,0,True,263,8441,6427,1565,0,stop,28.8,"le by \(3\) or \(7\) is: \[ 333+142-47=428 \]  Therefore, the number divisible by neither \(3\) nor \(7\) is: \[ 1000-428=572 \]  Final count: \[ \boxed{572} \]"
P2,high,5,0,True,311,8077,6213,1367,0,stop,27.3," or \(7\) is  \[ 333 + 142 - 47 = 428 \]  Therefore, the number divisible by neither \(3\) nor \(7\) is  \[ 1000 - 428 = 572 \]  Final count:  \[ \boxed{572} \]"
P2,high,6,0,True,306,7974,6176,1306,0,stop,32.8,") or \(7\) is:  \[ 333 + 142 - 47 = 428 \]  Therefore, the number divisible by neither \(3\) nor \(7\) is:  \[ 1000 - 428 = 572 \]  Final count: \(\boxed{572}\)"
P2,high,7,0,True,277,7982,6011,1508,0,stop,28.2,"e by \(3\) or \(7\) is  \[ 333+142-47=428 \]  Therefore, the number divisible by neither \(3\) nor \(7\) is  \[ 1000-428=572 \]  Final count:  \[ \boxed{572} \]"
P2,high,8,0,True,306,7812,6072,1248,0,stop,26.0,"3\) or \(7\) is: \[ 333 + 142 - 47 = 428 \]  Therefore, the number divisible by neither \(3\) nor \(7\) is: \[ 1000 - 428 = 572 \]  Final count: \(\boxed{572}\)"
P2,xhigh,1,0,True,338,8120,6091,1505,0,stop,28.7,"r \(7\) is  \[ 333 + 142 - 47 = 428. \]  Therefore, the number divisible by neither \(3\) nor \(7\) is  \[ 1000 - 428 = 572. \]  Final count:  \[ \boxed{572} \]"
P2,xhigh,2,0,True,541,8534,6262,1545,0,stop,33.7, by \(3\) or \(7\) is:  \[ 333 + 142 - 47 = 428 \]  So the number divisible by neither \(3\) nor \(7\) is:  \[ 1000 - 428 = 572 \]  Final count: \(\boxed{572}\)
P2,xhigh,3,0,True,449,8910,6334,1941,0,stop,34.0,") or \(7\) is  \[ 333 + 142 - 47 = 428. \]  Therefore, the number divisible by neither \(3\) nor \(7\) is  \[ 1000 - 428 = 572. \]  Final count: \(\boxed{572}\)"
P2,xhigh,4,0,True,513,10190,7286,2205,0,stop,41.6,"\(3\) or \(7\) is \[ 333 + 142 - 47 = 428 \]  Therefore, the number divisible by neither \(3\) nor \(7\) is \[ 1000 - 428 = 572 \]  Final count: \(\boxed{572}\)"
P2,xhigh,5,0,True,508,8514,6084,1736,0,stop,33.3,") or \(7\) is:  \[ 333 + 142 - 47 = 428 \]  Therefore, the number divisible by neither \(3\) nor \(7\) is:  \[ 1000 - 428 = 572 \]  Final count: \(\boxed{572}\)"
P2,xhigh,6,0,True,437,7600,5877,1100,0,stop,27.2,") or \(7\) is:  \[ 333 + 142 - 47 = 428 \]  Therefore, the number divisible by neither \(3\) nor \(7\) is:  \[ 1000 - 428 = 572 \]  Final count: \(\boxed{572}\)"
P2,xhigh,7,0,True,330,8546,6356,1674,0,stop,30.4,") or \(7\) is  \[ 333 + 142 - 47 = 428. \]  Therefore, the number divisible by neither \(3\) nor \(7\) is  \[ 1000 - 428 = 572. \]  Final count: \(\boxed{572}\)"
P2,xhigh,8,0,True,413,8165,6139,1427,0,stop,29.9,"ible by \(3\) or \(7\) is: \[ 333+142-47=428 \]  Therefore, the number divisible by neither \(3\) nor \(7\) is: \[ 1000-428=572 \]  Final count: \(\boxed{572}\)"
P2,max,1,0,True,502,9500,6742,2070,0,stop,38.2,"3\) or \(7\) is  \[ 333 + 142 - 47 = 428 \]  Therefore, the number divisible by neither \(3\) nor \(7\) is  \[ 1000 - 428 = 572 \]  Final count: \(\boxed{572}\)"
P2,max,2,0,True,397,7770,6052,1135,0,stop,26.5,") or \(7\) is  \[ 333 + 142 - 47 = 428. \]  Therefore, the number divisible by neither \(3\) nor \(7\) is  \[ 1000 - 428 = 572. \]  Final count: \(\boxed{572}\)"
P2,max,3,0,True,464,9009,6139,2220,0,stop,35.6,") or \(7\) is  \[ 333 + 142 - 47 = 428. \]  Therefore, the number divisible by neither \(3\) nor \(7\) is  \[ 1000 - 428 = 572. \]  Final count: \(\boxed{572}\)"
P2,max,4,0,True,436,9015,5981,2412,0,stop,37.4,"3\) or \(7\) is: \[ 333 + 142 - 47 = 428 \]  Therefore, the number divisible by neither \(3\) nor \(7\) is: \[ 1000 - 428 = 572 \]  Final count: \(\boxed{572}\)"
P2,max,5,0,True,435,9458,6933,1904,0,stop,38.0,"ible by \(3\) or \(7\) is: \[ 333+142-47=428 \]  Therefore, the number divisible by neither \(3\) nor \(7\) is: \[ 1000-428=572 \]  Final count: \(\boxed{572}\)"
P2,max,6,0,True,375,8475,6253,1661,0,stop,31.3,"3\) or \(7\) is \[ 333 + 142 - 47 = 428 \]  Therefore, the number divisible by neither \(3\) nor \(7\) is \[ 1000 - 428 = 572 \]  Final count: \[ \boxed{572} \]"
P2,max,7,0,True,395,7850,5960,1309,0,stop,30.3, by \(3\) or \(7\) is  \[ 333 + 142 - 47 = 428. \]  So the number divisible by neither \(3\) nor \(7\) is  \[ 1000 - 428 = 572. \]  Final count: \(\boxed{572}\)
P2,max,8,0,True,346,8109,5960,1617,0,stop,32.5,"the number divisible by 3 or 7 is: \[ 333+142-47=428 \]  Therefore, the number divisible by neither 3 nor 7 is: \[ 1000-428=572 \]  Final count: \(\boxed{572}\)"
